Region,Resource,Zone,Cluster,CapRes_1,CapRes_2,CapRes_3,AnnualSum
NENG_Rest,NENG_Rest_conventional_hydroelectric_1,1,1,6.466422387900081e7,0.0,0.0,6.466422387900081e7
NY_Z_A,NY_Z_A_conventional_hydroelectric_1,2,1,0.0,1.9524824289559188e8,0.0,1.9524824289559188e8
NY_Z_B,NY_Z_B_conventional_hydroelectric_1,3,1,0.0,0.0,0.0,0.0
NY_Z_C&E,NY_Z_C&E_conventional_hydroelectric_1,4,1,0.0,3.6106231244582967e6,0.0,3.6106231244582967e6
NY_Z_D,NY_Z_D_conventional_hydroelectric_1,5,1,0.0,8.945420914645171e7,0.0,8.945420914645171e7
NY_Z_F,NY_Z_F_conventional_hydroelectric_1,6,1,0.0,1.7528581197169617e7,0.0,1.7528581197169617e7
PJM_EMAC,PJM_EMAC_conventional_hydroelectric_1,10,1,0.0,0.0,3.917529960933208e7,3.917529960933208e7
PJM_Rest,PJM_Rest_conventional_hydroelectric_1,11,1,0.0,0.0,5.4888052920836404e7,5.4888052920836404e7
NENG_Rest,NENG_Rest_conventional_steam_coal_1,1,1,5.3583162698939055e7,0.0,0.0,5.3583162698939055e7
NENG_Rest,NENG_Rest_natural_gas_fired_combined_cycle_1,1,1,3.5313961420302495e7,0.0,0.0,3.5313961420302495e7
NENG_Rest,NENG_Rest_natural_gas_fired_combined_cycle_2,1,2,1.2861549415588036e9,0.0,0.0,1.2861549415588036e9
NENG_Rest,NENG_Rest_natural_gas_fired_combustion_turbine_1,1,1,1.1416394390559345e8,0.0,0.0,1.1416394390559345e8
NENG_Rest,NENG_Rest_natural_gas_fired_combustion_turbine_2,1,2,0.0,0.0,0.0,0.0
NENG_Rest,NENG_Rest_nuclear_1,1,1,1.0278263844561554e8,0.0,0.0,1.0278263844561554e8
NY_Z_A,NY_Z_A_natural_gas_fired_combined_cycle_1,2,1,0.0,6.197927383628905e7,0.0,6.197927383628905e7
NY_Z_A,NY_Z_A_natural_gas_fired_combustion_turbine_1,2,1,0.0,6.5490689530251445e6,0.0,6.5490689530251445e6
NY_Z_A,NY_Z_A_natural_gas_steam_turbine_1,2,1,0.0,6.270385167790033e6,0.0,6.270385167790033e6
NY_Z_B,NY_Z_B_natural_gas_fired_combined_cycle_1,3,1,0.0,1.980167391729371e-9,0.0,1.980167391729371e-9
NY_Z_B,NY_Z_B_natural_gas_fired_combustion_turbine_1,3,1,0.0,0.0,0.0,0.0
NY_Z_B,NY_Z_B_natural_gas_steam_turbine_1,3,1,0.0,0.0,0.0,0.0
NY_Z_B,NY_Z_B_nuclear_1,3,1,0.0,-1.584133913383497e-8,0.0,-1.584133913383497e-8
NY_Z_C&E,NY_Z_C&E_natural_gas_fired_combined_cycle_1,4,1,0.0,2.4638433452636302e8,0.0,2.4638433452636302e8
NY_Z_C&E,NY_Z_C&E_natural_gas_steam_turbine_1,4,1,0.0,1.4812043185246233e7,0.0,1.4812043185246233e7
NY_Z_C&E,NY_Z_C&E_nuclear_1,4,1,0.0,0.0,0.0,0.0
NY_Z_D,NY_Z_D_natural_gas_fired_combined_cycle_1,5,1,0.0,3.901572993291576e7,0.0,3.901572993291576e7
NY_Z_D,NY_Z_D_natural_gas_fired_combined_cycle_2,5,2,0.0,1.980167391729371e-9,0.0,1.980167391729371e-9
NY_Z_F,NY_Z_F_natural_gas_fired_combined_cycle_1,6,1,0.0,4.876687557829235e8,0.0,4.876687557829235e8
NY_Z_F,NY_Z_F_natural_gas_fired_combined_cycle_2,6,2,0.0,7.920669566917485e-9,0.0,7.920669566917485e-9
NY_Z_F,NY_Z_F_natural_gas_fired_combustion_turbine_1,6,1,0.0,0.0,0.0,0.0
NY_Z_G-I,NY_Z_G-I_natural_gas_fired_combined_cycle_1,7,1,0.0,1.0401872283900577e8,0.0,1.0401872283900577e8
NY_Z_G-I,NY_Z_G-I_natural_gas_fired_combined_cycle_2,7,2,0.0,0.0,0.0,0.0
NY_Z_G-I,NY_Z_G-I_natural_gas_fired_combustion_turbine_1,7,1,0.0,1.1676850601351216e7,0.0,1.1676850601351216e7
NY_Z_G-I,NY_Z_G-I_natural_gas_fired_combustion_turbine_2,7,2,0.0,3.4556789369153962e6,0.0,3.4556789369153962e6
NY_Z_J,NY_Z_J_natural_gas_fired_combined_cycle_1,8,1,0.0,1.0542607595444307e8,0.0,1.0542607595444307e8
NY_Z_J,NY_Z_J_natural_gas_fired_combined_cycle_2,8,2,0.0,3.941146090794962e8,0.0,3.941146090794962e8
NY_Z_J,NY_Z_J_natural_gas_fired_combustion_turbine_1,8,1,0.0,0.0,0.0,0.0
NY_Z_J,NY_Z_J_natural_gas_fired_combustion_turbine_2,8,2,0.0,2.2587320793305874e8,0.0,2.2587320793305874e8
NY_Z_K,NY_Z_K_natural_gas_fired_combined_cycle_1,9,1,0.0,3.066915056512414e7,0.0,3.066915056512414e7
NY_Z_K,NY_Z_K_natural_gas_fired_combined_cycle_2,9,2,0.0,7.355858511280796e7,0.0,7.355858511280796e7
NY_Z_K,NY_Z_K_natural_gas_fired_combustion_turbine_1,9,1,0.0,0.0,0.0,0.0
NY_Z_K,NY_Z_K_natural_gas_fired_combustion_turbine_2,9,2,0.0,-1.584133913383497e-8,0.0,-1.584133913383497e-8
PJM_EMAC,PJM_EMAC_conventional_steam_coal_1,10,1,0.0,0.0,0.0,0.0
PJM_EMAC,PJM_EMAC_natural_gas_fired_combined_cycle_1,10,1,0.0,0.0,2.334130215033958e8,2.334130215033958e8
PJM_EMAC,PJM_EMAC_natural_gas_fired_combined_cycle_2,10,2,0.0,0.0,1.413955952440007e9,1.413955952440007e9
PJM_EMAC,PJM_EMAC_natural_gas_fired_combined_cycle_3,10,3,0.0,0.0,0.0,0.0
PJM_EMAC,PJM_EMAC_natural_gas_fired_combustion_turbine_1,10,1,0.0,0.0,0.0,0.0
PJM_EMAC,PJM_EMAC_natural_gas_fired_combustion_turbine_2,10,2,0.0,0.0,-5.419102118296549e-8,-5.419102118296549e-8
PJM_EMAC,PJM_EMAC_natural_gas_steam_turbine_1,10,1,0.0,0.0,1.8192082433608207e8,1.8192082433608207e8
PJM_EMAC,PJM_EMAC_nuclear_1,10,1,0.0,0.0,8.756056864759796e8,8.756056864759796e8
PJM_EMAC,PJM_EMAC_nuclear_2,10,2,0.0,0.0,0.0,0.0
PJM_Rest,PJM_Rest_conventional_steam_coal_1,11,1,0.0,0.0,3.527781550711149e9,3.527781550711149e9
PJM_Rest,PJM_Rest_natural_gas_fired_combined_cycle_1,11,1,0.0,0.0,2.542911352356646e8,2.542911352356646e8
PJM_Rest,PJM_Rest_natural_gas_fired_combined_cycle_2,11,2,0.0,0.0,2.88942607330808e9,2.88942607330808e9
PJM_Rest,PJM_Rest_natural_gas_fired_combustion_turbine_1,11,1,0.0,0.0,7.32640657682584e7,7.32640657682584e7
PJM_Rest,PJM_Rest_natural_gas_fired_combustion_turbine_2,11,2,0.0,0.0,0.0,0.0
PJM_Rest,PJM_Rest_natural_gas_fired_combustion_turbine_3,11,3,0.0,0.0,0.0,0.0
PJM_Rest,PJM_Rest_natural_gas_fired_combustion_turbine_4,11,4,0.0,0.0,0.0,0.0
PJM_Rest,PJM_Rest_nuclear_1,11,1,0.0,0.0,0.0,0.0
NENG_Rest,NENG_Rest_naturalgas_ccavgcf_moderate_0,1,0,0.0,0.0,0.0,0.0
NENG_Rest,NENG_Rest_naturalgas_ctavgcf_moderate_0,1,0,0.0,0.0,0.0,0.0
NENG_Rest,NENG_Rest_nuclear_nuclear_moderate_0,1,0,0.0,0.0,0.0,0.0
NENG_Rest,NENG_Rest_naturalgas_ccs100_moderate_0,1,0,0.0,0.0,0.0,0.0
NY_Z_A,NY_Z_A_naturalgas_ccavgcf_moderate_0,2,0,0.0,0.0,0.0,0.0
NY_Z_A,NY_Z_A_naturalgas_ctavgcf_moderate_0,2,0,0.0,0.0,0.0,0.0
NY_Z_A,NY_Z_A_nuclear_nuclear_moderate_0,2,0,0.0,0.0,0.0,0.0
NY_Z_A,NY_Z_A_naturalgas_ccs100_moderate_0,2,0,0.0,0.0,0.0,0.0
NY_Z_B,NY_Z_B_naturalgas_ccavgcf_moderate_0,3,0,0.0,0.0,0.0,0.0
NY_Z_B,NY_Z_B_naturalgas_ctavgcf_moderate_0,3,0,0.0,0.0,0.0,0.0
NY_Z_B,NY_Z_B_nuclear_nuclear_moderate_0,3,0,0.0,0.0,0.0,0.0
NY_Z_B,NY_Z_B_naturalgas_ccs100_moderate_0,3,0,0.0,0.0,0.0,0.0
NY_Z_C&E,NY_Z_C&E_naturalgas_ccavgcf_moderate_0,4,0,0.0,0.0,0.0,0.0
NY_Z_C&E,NY_Z_C&E_naturalgas_ctavgcf_moderate_0,4,0,0.0,0.0,0.0,0.0
NY_Z_C&E,NY_Z_C&E_nuclear_nuclear_moderate_0,4,0,0.0,0.0,0.0,0.0
NY_Z_C&E,NY_Z_C&E_naturalgas_ccs100_moderate_0,4,0,0.0,0.0,0.0,0.0
NY_Z_D,NY_Z_D_naturalgas_ccavgcf_moderate_0,5,0,0.0,0.0,0.0,0.0
NY_Z_D,NY_Z_D_naturalgas_ctavgcf_moderate_0,5,0,0.0,0.0,0.0,0.0
NY_Z_D,NY_Z_D_nuclear_nuclear_moderate_0,5,0,0.0,0.0,0.0,0.0
NY_Z_D,NY_Z_D_naturalgas_ccs100_moderate_0,5,0,0.0,0.0,0.0,0.0
NY_Z_F,NY_Z_F_naturalgas_ccavgcf_moderate_0,6,0,0.0,0.0,0.0,0.0
NY_Z_F,NY_Z_F_naturalgas_ctavgcf_moderate_0,6,0,0.0,0.0,0.0,0.0
NY_Z_F,NY_Z_F_nuclear_nuclear_moderate_0,6,0,0.0,0.0,0.0,0.0
NY_Z_F,NY_Z_F_naturalgas_ccs100_moderate_0,6,0,0.0,0.0,0.0,0.0
NY_Z_G-I,NY_Z_G-I_naturalgas_ccavgcf_moderate_0,7,0,0.0,1.4984595380638427e8,0.0,1.4984595380638427e8
NY_Z_G-I,NY_Z_G-I_naturalgas_ctavgcf_moderate_0,7,0,0.0,0.0,0.0,0.0
NY_Z_G-I,NY_Z_G-I_nuclear_nuclear_moderate_0,7,0,0.0,0.0,0.0,0.0
NY_Z_G-I,NY_Z_G-I_naturalgas_ccs100_moderate_0,7,0,0.0,0.0,0.0,0.0
NY_Z_J,NY_Z_J_naturalgas_ccavgcf_moderate_0,8,0,0.0,0.0,0.0,0.0
NY_Z_J,NY_Z_J_naturalgas_ctavgcf_moderate_0,8,0,0.0,0.0,0.0,0.0
NY_Z_J,NY_Z_J_nuclear_nuclear_moderate_0,8,0,0.0,0.0,0.0,0.0
NY_Z_J,NY_Z_J_naturalgas_ccs100_moderate_0,8,0,0.0,0.0,0.0,0.0
NY_Z_K,NY_Z_K_naturalgas_ccavgcf_moderate_0,9,0,0.0,0.0,0.0,0.0
NY_Z_K,NY_Z_K_naturalgas_ctavgcf_moderate_0,9,0,0.0,0.0,0.0,0.0
NY_Z_K,NY_Z_K_nuclear_nuclear_moderate_0,9,0,0.0,0.0,0.0,0.0
NY_Z_K,NY_Z_K_naturalgas_ccs100_moderate_0,9,0,0.0,0.0,0.0,0.0
PJM_EMAC,PJM_EMAC_naturalgas_ccavgcf_moderate_0,10,0,0.0,0.0,1.000289000789169e8,1.000289000789169e8
PJM_EMAC,PJM_EMAC_naturalgas_ctavgcf_moderate_0,10,0,0.0,0.0,0.0,0.0
PJM_EMAC,PJM_EMAC_nuclear_nuclear_moderate_0,10,0,0.0,0.0,0.0,0.0
PJM_EMAC,PJM_EMAC_naturalgas_ccs100_moderate_0,10,0,0.0,0.0,0.0,0.0
PJM_Rest,PJM_Rest_naturalgas_ccccsavgcf_moderate_0,11,0,0.0,0.0,0.0,0.0
PJM_Rest,PJM_Rest_naturalgas_ccavgcf_moderate_0,11,0,0.0,0.0,1.231956095784041e9,1.231956095784041e9
PJM_Rest,PJM_Rest_naturalgas_ctavgcf_moderate_0,11,0,0.0,0.0,0.0,0.0
PJM_Rest,PJM_Rest_nuclear_nuclear_moderate_0,11,0,0.0,0.0,0.0,0.0
PJM_Rest,PJM_Rest_naturalgas_ccs100_moderate_0,11,0,0.0,0.0,0.0,0.0
NENG_Rest,NENG_Rest_offshore_wind_turbine_1,1,1,3.083393071299485e6,0.0,0.0,3.083393071299485e6
NENG_Rest,NENG_Rest_onshore_wind_turbine_1,1,1,2.053615422819757e7,0.0,0.0,2.053615422819757e7
NENG_Rest,NENG_Rest_solar_photovoltaic_1,1,1,9.402502883186454e6,0.0,0.0,9.402502883186454e6
NY_Z_A,NY_Z_A_onshore_wind_turbine_1,2,1,0.0,2.4409393460617126e6,0.0,2.4409393460617126e6
NY_Z_A,NY_Z_A_solar_photovoltaic_1,2,1,0.0,73984.38630595643,0.0,73984.38630595643
NY_Z_B,NY_Z_B_onshore_wind_turbine_1,3,1,0.0,0.0,0.0,0.0
NY_Z_B,NY_Z_B_solar_photovoltaic_1,3,1,0.0,40462.27103394237,0.0,40462.27103394237
NY_Z_C&E,NY_Z_C&E_onshore_wind_turbine_1,4,1,0.0,1.767482372531459e7,0.0,1.767482372531459e7
NY_Z_C&E,NY_Z_C&E_solar_photovoltaic_1,4,1,0.0,812852.9224631472,0.0,812852.9224631472
NY_Z_D,NY_Z_D_onshore_wind_turbine_1,5,1,0.0,2.1267072012756873e7,0.0,2.1267072012756873e7
NY_Z_D,NY_Z_D_solar_photovoltaic_1,5,1,0.0,35356.777476606505,0.0,35356.777476606505
NY_Z_F,NY_Z_F_solar_photovoltaic_1,6,1,0.0,165541.5242519983,0.0,165541.5242519983
NY_Z_G-I,NY_Z_G-I_solar_photovoltaic_1,7,1,0.0,121452.04035709561,0.0,121452.04035709561
PJM_EMAC,PJM_EMAC_solar_photovoltaic_1,10,1,0.0,0.0,6.577834087520669e6,6.577834087520669e6
PJM_Rest,PJM_Rest_onshore_wind_turbine_1,11,1,0.0,0.0,1.8942556151343924e8,1.8942556151343924e8
PJM_Rest,PJM_Rest_solar_photovoltaic_1,11,1,0.0,0.0,7.94030521913489e6,7.94030521913489e6
NENG_Rest,NENG_Rest_offshorewind_class3_moderate_fixed_1_0,1,0,0.0,0.0,0.0,0.0
NENG_Rest,NENG_Rest_offshorewind_class3_moderate_fixed_1_1,1,1,0.0,0.0,0.0,0.0
NENG_Rest,NENG_Rest_offshorewind_class3_moderate_fixed_1_2,1,2,0.0,0.0,0.0,0.0
NENG_Rest,NENG_Rest_offshorewind_class3_moderate_fixed_1_3,1,3,0.0,0.0,0.0,0.0
NENG_Rest,NENG_Rest_offshorewind_class3_moderate_fixed_1_4,1,4,0.0,0.0,0.0,0.0
NENG_Rest,NENG_Rest_offshorewind_class3_moderate_fixed_1_5,1,5,0.0,0.0,0.0,0.0
NENG_Rest,NENG_Rest_offshorewind_class3_moderate_fixed_0_0,1,0,0.0,0.0,0.0,0.0
NENG_Rest,NENG_Rest_offshorewind_class3_moderate_fixed_0_1,1,1,0.0,0.0,0.0,0.0
NENG_Rest,NENG_Rest_offshorewind_class3_moderate_fixed_0_2,1,2,0.0,0.0,0.0,0.0
NENG_Rest,NENG_Rest_offshorewind_class3_moderate_fixed_0_3,1,3,0.0,0.0,0.0,0.0
NENG_Rest,NENG_Rest_offshorewind_class3_moderate_fixed_0_4,1,4,0.0,0.0,0.0,0.0
NENG_Rest,NENG_Rest_offshorewind_class3_moderate_fixed_0_5,1,5,0.0,0.0,0.0,0.0
NENG_Rest,NENG_Rest_offshorewind_class12_moderate_floating_0_0,1,0,0.0,0.0,0.0,0.0
NENG_Rest,NENG_Rest_offshorewind_class12_moderate_floating_0_1,1,1,0.0,0.0,0.0,0.0
NENG_Rest,NENG_Rest_offshorewind_class12_moderate_floating_0_2,1,2,0.0,0.0,0.0,0.0
NENG_Rest,NENG_Rest_offshorewind_class12_moderate_floating_0_3,1,3,0.0,0.0,0.0,0.0
NENG_Rest,NENG_Rest_offshorewind_class12_moderate_floating_0_4,1,4,0.0,0.0,0.0,0.0
NENG_Rest,NENG_Rest_offshorewind_class12_moderate_floating_0_5,1,5,0.0,0.0,0.0,0.0
NENG_Rest,NENG_Rest_offshorewind_class12_moderate_floating_1_0,1,0,0.0,0.0,0.0,0.0
NENG_Rest,NENG_Rest_offshorewind_class12_moderate_floating_1_1,1,1,0.0,0.0,0.0,0.0
NENG_Rest,NENG_Rest_offshorewind_class12_moderate_floating_1_2,1,2,0.0,0.0,0.0,0.0
NENG_Rest,NENG_Rest_offshorewind_class12_moderate_floating_1_3,1,3,0.0,0.0,0.0,0.0
NENG_Rest,NENG_Rest_offshorewind_class12_moderate_floating_1_4,1,4,0.0,0.0,0.0,0.0
NENG_Rest,NENG_Rest_offshorewind_class12_moderate_floating_1_5,1,5,0.0,0.0,0.0,0.0
NENG_Rest,NENG_Rest_landbasedwind_class1_moderate_1,1,1,0.0,0.0,0.0,0.0
NENG_Rest,NENG_Rest_landbasedwind_class1_moderate_2,1,2,3.457470231868887e8,0.0,0.0,3.457470231868887e8
NENG_Rest,NENG_Rest_landbasedwind_class1_moderate_3,1,3,0.0,0.0,0.0,0.0
NENG_Rest,NENG_Rest_landbasedwind_class1_moderate_4,1,4,5.0728710855794236e7,0.0,0.0,5.0728710855794236e7
NENG_Rest,NENG_Rest_landbasedwind_class1_moderate_5,1,5,0.0,0.0,0.0,0.0
NENG_Rest,NENG_Rest_landbasedwind_class1_moderate_6,1,6,0.0,0.0,0.0,0.0
NENG_Rest,NENG_Rest_utilitypv_class1_moderate_1,1,1,0.0,0.0,0.0,0.0
NENG_Rest,NENG_Rest_utilitypv_class1_moderate_2,1,2,0.0,0.0,0.0,0.0
NENG_Rest,NENG_Rest_utilitypv_class1_moderate_3,1,3,0.0,0.0,0.0,0.0
NENG_Rest,NENG_Rest_utilitypv_class1_moderate_4,1,4,0.0,0.0,0.0,0.0
NENG_Rest,NENG_Rest_utilitypv_class1_moderate_5,1,5,0.0,0.0,0.0,0.0
NENG_Rest,NENG_Rest_utilitypv_class1_moderate_6,1,6,0.0,0.0,0.0,0.0
NY_Z_A,NY_Z_A_landbasedwind_class1_moderate_1,2,1,0.0,0.0,0.0,0.0
NY_Z_A,NY_Z_A_landbasedwind_class1_moderate_2,2,2,0.0,4.3384857304949224e7,0.0,4.3384857304949224e7
NY_Z_A,NY_Z_A_landbasedwind_class1_moderate_3,2,3,0.0,0.0,0.0,0.0
NY_Z_A,NY_Z_A_landbasedwind_class1_moderate_4,2,4,0.0,0.0,0.0,0.0
NY_Z_A,NY_Z_A_landbasedwind_class1_moderate_5,2,5,0.0,0.0,0.0,0.0
NY_Z_A,NY_Z_A_landbasedwind_class1_moderate_6,2,6,0.0,0.0,0.0,0.0
NY_Z_A,NY_Z_A_utilitypv_class1_moderate_1,2,1,0.0,0.0,0.0,0.0
NY_Z_A,NY_Z_A_utilitypv_class1_moderate_2,2,2,0.0,1.4704414848631862e8,0.0,1.4704414848631862e8
NY_Z_A,NY_Z_A_utilitypv_class1_moderate_3,2,3,0.0,0.0,0.0,0.0
NY_Z_A,NY_Z_A_utilitypv_class1_moderate_4,2,4,0.0,0.0,0.0,0.0
NY_Z_A,NY_Z_A_utilitypv_class1_moderate_5,2,5,0.0,0.0,0.0,0.0
NY_Z_A,NY_Z_A_utilitypv_class1_moderate_6,2,6,0.0,0.0,0.0,0.0
NY_Z_B,NY_Z_B_landbasedwind_class1_moderate_1,3,1,0.0,2.8368925929792427e7,0.0,2.8368925929792427e7
NY_Z_B,NY_Z_B_landbasedwind_class1_moderate_2,3,2,0.0,1.856797872987783e7,0.0,1.856797872987783e7
NY_Z_B,NY_Z_B_landbasedwind_class1_moderate_3,3,3,0.0,1.1689274048206681e7,0.0,1.1689274048206681e7
NY_Z_B,NY_Z_B_landbasedwind_class1_moderate_4,3,4,0.0,1.4172337854866201e7,0.0,1.4172337854866201e7
NY_Z_B,NY_Z_B_landbasedwind_class1_moderate_5,3,5,0.0,0.0,0.0,0.0
NY_Z_B,NY_Z_B_landbasedwind_class1_moderate_6,3,6,0.0,0.0,0.0,0.0
NY_Z_B,NY_Z_B_utilitypv_class1_moderate_1,3,1,0.0,0.0,0.0,0.0
NY_Z_B,NY_Z_B_utilitypv_class1_moderate_2,3,2,0.0,0.0,0.0,0.0
NY_Z_B,NY_Z_B_utilitypv_class1_moderate_3,3,3,0.0,0.0,0.0,0.0
NY_Z_B,NY_Z_B_utilitypv_class1_moderate_4,3,4,0.0,0.0,0.0,0.0
NY_Z_B,NY_Z_B_utilitypv_class1_moderate_5,3,5,0.0,0.0,0.0,0.0
NY_Z_B,NY_Z_B_utilitypv_class1_moderate_6,3,6,0.0,0.0,0.0,0.0
NY_Z_C&E,NY_Z_C&E_landbasedwind_class1_moderate_1,4,1,0.0,3.411299031978708e7,0.0,3.411299031978708e7
NY_Z_C&E,NY_Z_C&E_landbasedwind_class1_moderate_2,4,2,0.0,3.36837095383801e7,0.0,3.36837095383801e7
NY_Z_C&E,NY_Z_C&E_landbasedwind_class1_moderate_3,4,3,0.0,0.0,0.0,0.0
NY_Z_C&E,NY_Z_C&E_landbasedwind_class1_moderate_4,4,4,0.0,3.488732392860763e7,0.0,3.488732392860763e7
NY_Z_C&E,NY_Z_C&E_landbasedwind_class1_moderate_5,4,5,0.0,0.0,0.0,0.0
NY_Z_C&E,NY_Z_C&E_landbasedwind_class1_moderate_6,4,6,0.0,4.378052434420979e7,0.0,4.378052434420979e7
NY_Z_C&E,NY_Z_C&E_utilitypv_class1_moderate_1,4,1,0.0,0.0,0.0,0.0
NY_Z_C&E,NY_Z_C&E_utilitypv_class1_moderate_2,4,2,0.0,0.0,0.0,0.0
NY_Z_C&E,NY_Z_C&E_utilitypv_class1_moderate_3,4,3,0.0,0.0,0.0,0.0
NY_Z_C&E,NY_Z_C&E_utilitypv_class1_moderate_4,4,4,0.0,0.0,0.0,0.0
NY_Z_C&E,NY_Z_C&E_utilitypv_class1_moderate_5,4,5,0.0,0.0,0.0,0.0
NY_Z_C&E,NY_Z_C&E_utilitypv_class1_moderate_6,4,6,0.0,0.0,0.0,0.0
NY_Z_D,NY_Z_D_landbasedwind_class1_moderate_1,5,1,0.0,8.192301499590443e7,0.0,8.192301499590443e7
NY_Z_D,NY_Z_D_landbasedwind_class1_moderate_2,5,2,0.0,8.397106475861035e7,0.0,8.397106475861035e7
NY_Z_D,NY_Z_D_landbasedwind_class1_moderate_3,5,3,0.0,4.2925652385758705e7,0.0,4.2925652385758705e7
NY_Z_D,NY_Z_D_landbasedwind_class1_moderate_4,5,4,0.0,1.8734999655613494e6,0.0,1.8734999655613494e6
NY_Z_D,NY_Z_D_landbasedwind_class1_moderate_5,5,5,0.0,0.0,0.0,0.0
NY_Z_D,NY_Z_D_landbasedwind_class1_moderate_6,5,6,0.0,0.0,0.0,0.0
NY_Z_D,NY_Z_D_utilitypv_class1_moderate_1,5,1,0.0,0.0,0.0,0.0
NY_Z_D,NY_Z_D_utilitypv_class1_moderate_2,5,2,0.0,0.0,0.0,0.0
NY_Z_D,NY_Z_D_utilitypv_class1_moderate_3,5,3,0.0,0.0,0.0,0.0
NY_Z_D,NY_Z_D_utilitypv_class1_moderate_4,5,4,0.0,0.0,0.0,0.0
NY_Z_D,NY_Z_D_utilitypv_class1_moderate_5,5,5,0.0,0.0,0.0,0.0
NY_Z_D,NY_Z_D_utilitypv_class1_moderate_6,5,6,0.0,0.0,0.0,0.0
NY_Z_F,NY_Z_F_landbasedwind_class1_moderate_1,6,1,0.0,0.0,0.0,0.0
NY_Z_F,NY_Z_F_landbasedwind_class1_moderate_2,6,2,0.0,3.2023442931543075e7,0.0,3.2023442931543075e7
NY_Z_F,NY_Z_F_landbasedwind_class1_moderate_3,6,3,0.0,0.0,0.0,0.0
NY_Z_F,NY_Z_F_landbasedwind_class1_moderate_4,6,4,0.0,0.0,0.0,0.0
NY_Z_F,NY_Z_F_landbasedwind_class1_moderate_5,6,5,0.0,0.0,0.0,0.0
NY_Z_F,NY_Z_F_landbasedwind_class1_moderate_6,6,6,0.0,0.0,0.0,0.0
NY_Z_F,NY_Z_F_utilitypv_class1_moderate_1,6,1,0.0,0.0,0.0,0.0
NY_Z_F,NY_Z_F_utilitypv_class1_moderate_2,6,2,0.0,7.064160470912151e7,0.0,7.064160470912151e7
NY_Z_F,NY_Z_F_utilitypv_class1_moderate_3,6,3,0.0,0.0,0.0,0.0
NY_Z_F,NY_Z_F_utilitypv_class1_moderate_4,6,4,0.0,0.0,0.0,0.0
NY_Z_F,NY_Z_F_utilitypv_class1_moderate_5,6,5,0.0,0.0,0.0,0.0
NY_Z_F,NY_Z_F_utilitypv_class1_moderate_6,6,6,0.0,0.0,0.0,0.0
NY_Z_G-I,NY_Z_G-I_landbasedwind_class1_moderate_1,7,1,0.0,337581.01258712914,0.0,337581.01258712914
NY_Z_G-I,NY_Z_G-I_landbasedwind_class1_moderate_2,7,2,0.0,0.0,0.0,0.0
NY_Z_G-I,NY_Z_G-I_landbasedwind_class1_moderate_3,7,3,0.0,0.0,0.0,0.0
NY_Z_G-I,NY_Z_G-I_landbasedwind_class1_moderate_4,7,4,0.0,61160.61035616237,0.0,61160.61035616237
NY_Z_G-I,NY_Z_G-I_landbasedwind_class1_moderate_5,7,5,0.0,0.0,0.0,0.0
NY_Z_G-I,NY_Z_G-I_landbasedwind_class1_moderate_6,7,6,0.0,0.0,0.0,0.0
NY_Z_G-I,NY_Z_G-I_utilitypv_class1_moderate_1,7,1,0.0,1.5281596077965904e7,0.0,1.5281596077965904e7
NY_Z_G-I,NY_Z_G-I_utilitypv_class1_moderate_2,7,2,0.0,2.20901746309072e7,0.0,2.20901746309072e7
NY_Z_G-I,NY_Z_G-I_utilitypv_class1_moderate_3,7,3,0.0,0.0,0.0,0.0
NY_Z_G-I,NY_Z_G-I_utilitypv_class1_moderate_4,7,4,0.0,0.0,0.0,0.0
NY_Z_G-I,NY_Z_G-I_utilitypv_class1_moderate_5,7,5,0.0,0.0,0.0,0.0
NY_Z_G-I,NY_Z_G-I_utilitypv_class1_moderate_6,7,6,0.0,0.0,0.0,0.0
NY_Z_J,NY_Z_J_offshorewind_class3_moderate_fixed_1_0,8,0,0.0,0.0,0.0,0.0
NY_Z_J,NY_Z_J_offshorewind_class3_moderate_fixed_1_1,8,1,0.0,0.0,0.0,0.0
NY_Z_J,NY_Z_J_offshorewind_class3_moderate_fixed_1_2,8,2,0.0,0.0,0.0,0.0
NY_Z_J,NY_Z_J_offshorewind_class3_moderate_fixed_1_3,8,3,0.0,0.0,0.0,0.0
NY_Z_J,NY_Z_J_offshorewind_class3_moderate_fixed_1_4,8,4,0.0,0.0,0.0,0.0
NY_Z_J,NY_Z_J_offshorewind_class3_moderate_fixed_1_5,8,5,0.0,0.0,0.0,0.0
NY_Z_J,NY_Z_J_offshorewind_class3_moderate_fixed_0_0,8,0,0.0,0.0,0.0,0.0
NY_Z_J,NY_Z_J_offshorewind_class3_moderate_fixed_0_1,8,1,0.0,0.0,0.0,0.0
NY_Z_J,NY_Z_J_offshorewind_class3_moderate_fixed_0_2,8,2,0.0,0.0,0.0,0.0
NY_Z_J,NY_Z_J_offshorewind_class3_moderate_fixed_0_3,8,3,0.0,0.0,0.0,0.0
NY_Z_J,NY_Z_J_offshorewind_class3_moderate_fixed_0_4,8,4,0.0,0.0,0.0,0.0
NY_Z_J,NY_Z_J_offshorewind_class3_moderate_fixed_0_5,8,5,0.0,0.0,0.0,0.0
NY_Z_J,NY_Z_J_offshorewind_class12_moderate_floating_0_0,8,0,0.0,0.0,0.0,0.0
NY_Z_J,NY_Z_J_offshorewind_class12_moderate_floating_0_1,8,1,0.0,0.0,0.0,0.0
NY_Z_J,NY_Z_J_offshorewind_class12_moderate_floating_0_2,8,2,0.0,0.0,0.0,0.0
NY_Z_J,NY_Z_J_offshorewind_class12_moderate_floating_0_3,8,3,0.0,0.0,0.0,0.0
NY_Z_J,NY_Z_J_offshorewind_class12_moderate_floating_0_4,8,4,0.0,0.0,0.0,0.0
NY_Z_J,NY_Z_J_offshorewind_class12_moderate_floating_0_5,8,5,0.0,0.0,0.0,0.0
NY_Z_J,NY_Z_J_offshorewind_class12_moderate_floating_1_0,8,0,0.0,0.0,0.0,0.0
NY_Z_J,NY_Z_J_offshorewind_class12_moderate_floating_1_1,8,1,0.0,0.0,0.0,0.0
NY_Z_J,NY_Z_J_offshorewind_class12_moderate_floating_1_2,8,2,0.0,0.0,0.0,0.0
NY_Z_J,NY_Z_J_offshorewind_class12_moderate_floating_1_3,8,3,0.0,0.0,0.0,0.0
NY_Z_J,NY_Z_J_offshorewind_class12_moderate_floating_1_4,8,4,0.0,0.0,0.0,0.0
NY_Z_J,NY_Z_J_offshorewind_class12_moderate_floating_1_5,8,5,0.0,0.0,0.0,0.0
NY_Z_K,NY_Z_K_utilitypv_class1_moderate_1,9,1,0.0,0.0,0.0,0.0
PJM_EMAC,PJM_EMAC_offshorewind_class3_moderate_fixed_1_0,10,0,0.0,0.0,0.0,0.0
PJM_EMAC,PJM_EMAC_offshorewind_class3_moderate_fixed_1_1,10,1,0.0,0.0,0.0,0.0
PJM_EMAC,PJM_EMAC_offshorewind_class3_moderate_fixed_1_2,10,2,0.0,0.0,0.0,0.0
PJM_EMAC,PJM_EMAC_offshorewind_class3_moderate_fixed_1_3,10,3,0.0,0.0,0.0,0.0
PJM_EMAC,PJM_EMAC_offshorewind_class3_moderate_fixed_1_4,10,4,0.0,0.0,0.0,0.0
PJM_EMAC,PJM_EMAC_offshorewind_class3_moderate_fixed_1_5,10,5,0.0,0.0,0.0,0.0
PJM_EMAC,PJM_EMAC_offshorewind_class3_moderate_fixed_0_0,10,0,0.0,0.0,0.0,0.0
PJM_EMAC,PJM_EMAC_offshorewind_class3_moderate_fixed_0_1,10,1,0.0,0.0,0.0,0.0
PJM_EMAC,PJM_EMAC_offshorewind_class3_moderate_fixed_0_2,10,2,0.0,0.0,0.0,0.0
PJM_EMAC,PJM_EMAC_offshorewind_class3_moderate_fixed_0_3,10,3,0.0,0.0,0.0,0.0
PJM_EMAC,PJM_EMAC_offshorewind_class3_moderate_fixed_0_4,10,4,0.0,0.0,0.0,0.0
PJM_EMAC,PJM_EMAC_offshorewind_class3_moderate_fixed_0_5,10,5,0.0,0.0,0.0,0.0
PJM_EMAC,PJM_EMAC_offshorewind_class12_moderate_floating_0_0,10,0,0.0,0.0,0.0,0.0
PJM_EMAC,PJM_EMAC_offshorewind_class12_moderate_floating_0_1,10,1,0.0,0.0,0.0,0.0
PJM_EMAC,PJM_EMAC_offshorewind_class12_moderate_floating_0_2,10,2,0.0,0.0,0.0,0.0
PJM_EMAC,PJM_EMAC_offshorewind_class12_moderate_floating_0_3,10,3,0.0,0.0,0.0,0.0
PJM_EMAC,PJM_EMAC_offshorewind_class12_moderate_floating_0_4,10,4,0.0,0.0,0.0,0.0
PJM_EMAC,PJM_EMAC_offshorewind_class12_moderate_floating_0_5,10,5,0.0,0.0,0.0,0.0
PJM_EMAC,PJM_EMAC_landbasedwind_class1_moderate_1,10,1,0.0,0.0,0.0,0.0
PJM_EMAC,PJM_EMAC_landbasedwind_class1_moderate_2,10,2,0.0,0.0,0.0,0.0
PJM_EMAC,PJM_EMAC_landbasedwind_class1_moderate_3,10,3,0.0,0.0,0.0,0.0
PJM_EMAC,PJM_EMAC_landbasedwind_class1_moderate_4,10,4,0.0,0.0,0.0,0.0
PJM_EMAC,PJM_EMAC_landbasedwind_class1_moderate_5,10,5,0.0,0.0,0.0,0.0
PJM_EMAC,PJM_EMAC_landbasedwind_class1_moderate_6,10,6,0.0,0.0,0.0,0.0
PJM_EMAC,PJM_EMAC_utilitypv_class1_moderate_1,10,1,0.0,0.0,0.0,0.0
PJM_EMAC,PJM_EMAC_utilitypv_class1_moderate_2,10,2,0.0,0.0,0.0,0.0
PJM_EMAC,PJM_EMAC_utilitypv_class1_moderate_3,10,3,0.0,0.0,0.0,0.0
PJM_EMAC,PJM_EMAC_utilitypv_class1_moderate_4,10,4,0.0,0.0,0.0,0.0
PJM_EMAC,PJM_EMAC_utilitypv_class1_moderate_5,10,5,0.0,0.0,0.0,0.0
PJM_EMAC,PJM_EMAC_utilitypv_class1_moderate_6,10,6,0.0,0.0,0.0,0.0
PJM_Rest,PJM_Rest_landbasedwind_class1_moderate_1,11,1,0.0,0.0,2.6975581387339944e8,2.6975581387339944e8
PJM_Rest,PJM_Rest_landbasedwind_class1_moderate_2,11,2,0.0,0.0,4.8022513334643775e8,4.8022513334643775e8
PJM_Rest,PJM_Rest_landbasedwind_class1_moderate_3,11,3,0.0,0.0,0.0,0.0
PJM_Rest,PJM_Rest_landbasedwind_class1_moderate_4,11,4,0.0,0.0,0.0,0.0
PJM_Rest,PJM_Rest_landbasedwind_class1_moderate_5,11,5,0.0,0.0,0.0,0.0
PJM_Rest,PJM_Rest_landbasedwind_class1_moderate_6,11,6,0.0,0.0,0.0,0.0
PJM_Rest,PJM_Rest_utilitypv_class1_moderate_1,11,1,0.0,0.0,0.0,0.0
PJM_Rest,PJM_Rest_utilitypv_class1_moderate_2,11,2,0.0,0.0,1.0412470700859511e9,1.0412470700859511e9
PJM_Rest,PJM_Rest_utilitypv_class1_moderate_3,11,3,0.0,0.0,0.0,0.0
PJM_Rest,PJM_Rest_utilitypv_class1_moderate_4,11,4,0.0,0.0,0.0,0.0
PJM_Rest,PJM_Rest_utilitypv_class1_moderate_5,11,5,0.0,0.0,0.0,0.0
PJM_Rest,PJM_Rest_utilitypv_class1_moderate_6,11,6,0.0,0.0,0.0,0.0
NENG_Rest,NENG_Rest_hydroelectric_pumped_storage_1,1,1,1.587285300393029e8,0.0,0.0,1.587285300393029e8
NY_Z_A,NY_Z_A_hydroelectric_pumped_storage_1,2,1,0.0,2.1429620013150074e7,0.0,2.1429620013150074e7
NY_Z_F,NY_Z_F_hydroelectric_pumped_storage_1,6,1,0.0,1.0824162852897342e8,0.0,1.0824162852897342e8
PJM_EMAC,PJM_EMAC_hydroelectric_pumped_storage_1,10,1,0.0,0.0,1.55191901469471e8,1.55191901469471e8
PJM_Rest,PJM_Rest_hydroelectric_pumped_storage_1,11,1,0.0,0.0,3.831094258397371e8,3.831094258397371e8
NENG_Rest,NENG_Rest_battery_moderate_0,1,0,0.0,0.0,0.0,0.0
NY_Z_A,NY_Z_A_battery_moderate_0,2,0,0.0,559886.6722462703,0.0,559886.6722462703
NY_Z_B,NY_Z_B_battery_moderate_0,3,0,0.0,3.3476817311202727e7,0.0,3.3476817311202727e7
NY_Z_C&E,NY_Z_C&E_battery_moderate_0,4,0,0.0,0.0,0.0,0.0
NY_Z_D,NY_Z_D_battery_moderate_0,5,0,0.0,1.0341166645045578e8,0.0,1.0341166645045578e8
NY_Z_F,NY_Z_F_battery_moderate_0,6,0,0.0,0.0,0.0,0.0
NY_Z_G-I,NY_Z_G-I_battery_moderate_0,7,0,0.0,0.0,0.0,0.0
NY_Z_J,NY_Z_J_battery_moderate_0,8,0,0.0,0.0,0.0,0.0
NY_Z_K,NY_Z_K_battery_moderate_0,9,0,0.0,0.0,0.0,0.0
PJM_EMAC,PJM_EMAC_battery_moderate_0,10,0,0.0,0.0,6.794057457903063e6,6.794057457903063e6
PJM_Rest,PJM_Rest_battery_moderate_0,11,0,0.0,0.0,4.0718062907906383e8,4.0718062907906383e8
NY_Z_A,NY_Z_A_res_water_heat_1,2,1,0.0,0.0,0.0,0.0
NY_Z_B,NY_Z_B_res_water_heat_1,3,1,0.0,0.0,0.0,0.0
NY_Z_C&E,NY_Z_C&E_res_water_heat_1,4,1,0.0,0.0,0.0,0.0
NY_Z_D,NY_Z_D_res_water_heat_1,5,1,-0.0,-0.0,-0.0,0.0
NY_Z_F,NY_Z_F_res_water_heat_1,6,1,0.0,0.0,0.0,0.0
NY_Z_G-I,NY_Z_G-I_res_water_heat_1,7,1,0.0,0.0,0.0,0.0
NY_Z_J,NY_Z_J_res_water_heat_1,8,1,0.0,0.0,0.0,0.0
NY_Z_K,NY_Z_K_res_water_heat_1,9,1,0.0,0.0,0.0,0.0
PJM_EMAC,PJM_EMAC_res_water_heat_1,10,1,-0.0,-0.0,-0.0,0.0
PJM_Rest,PJM_Rest_res_water_heat_1,11,1,0.0,0.0,0.0,0.0
NENG_Rest,NENG_Rest_res_water_heat_1,1,1,0.0,0.0,0.0,0.0
NY_Z_A,NY_Z_A_trans_light_duty_1,2,1,0.0,0.0,0.0,0.0
NY_Z_B,NY_Z_B_trans_light_duty_1,3,1,0.0,0.0,0.0,0.0
NY_Z_C&E,NY_Z_C&E_trans_light_duty_1,4,1,0.0,0.0,0.0,0.0
NY_Z_D,NY_Z_D_trans_light_duty_1,5,1,-0.0,-0.0,-0.0,0.0
NY_Z_F,NY_Z_F_trans_light_duty_1,6,1,0.0,0.0,0.0,0.0
NY_Z_G-I,NY_Z_G-I_trans_light_duty_1,7,1,0.0,0.0,0.0,0.0
NY_Z_J,NY_Z_J_trans_light_duty_1,8,1,0.0,0.0,0.0,0.0
NY_Z_K,NY_Z_K_trans_light_duty_1,9,1,0.0,0.0,0.0,0.0
PJM_EMAC,PJM_EMAC_trans_light_duty_1,10,1,0.0,0.0,0.0,0.0
PJM_Rest,PJM_Rest_trans_light_duty_1,11,1,0.0,0.0,0.0,0.0
NENG_Rest,NENG_Rest_trans_light_duty_1,1,1,0.0,0.0,0.0,0.0
NENG_Rest,NENG_Rest_biomass_1,1,1,3.7312476308621964e6,0.0,0.0,3.7312476308621964e6
NENG_Rest,NENG_Rest_biomass_2,1,2,7.083253699243317e6,0.0,0.0,7.083253699243317e6
NENG_Rest,NENG_Rest_biomass_3,1,3,1.3273454686837649e7,0.0,0.0,1.3273454686837649e7
NENG_Rest,NENG_Rest_small_hydroelectric_1,1,1,2.1081446797470838e7,0.0,0.0,2.1081446797470838e7
NY_Z_A,NY_Z_A_biomass_1,2,1,0.0,3.4417447476536394e6,0.0,3.4417447476536394e6
NY_Z_A,NY_Z_A_small_hydroelectric_1,2,1,0.0,67603.29241832405,0.0,67603.29241832405
NY_Z_B,NY_Z_B_biomass_1,3,1,0.0,1.5745633865783857e6,0.0,1.5745633865783857e6
NY_Z_B,NY_Z_B_small_hydroelectric_1,3,1,0.0,3.425539135712226e6,0.0,3.425539135712226e6
NY_Z_C&E,NY_Z_C&E_biomass_1,4,1,0.0,1.0562115460410764e7,0.0,1.0562115460410764e7
NY_Z_C&E,NY_Z_C&E_small_hydroelectric_1,4,1,0.0,1.2404638400712447e7,0.0,1.2404638400712447e7
NY_Z_D,NY_Z_D_small_hydroelectric_1,5,1,0.0,3.001976939992886e6,0.0,3.001976939992886e6
NY_Z_F,NY_Z_F_small_hydroelectric_1,6,1,0.0,5.866867827728701e6,0.0,5.866867827728701e6
NY_Z_G-I,NY_Z_G-I_small_hydroelectric_1,7,1,0.0,1.0735978183199381e6,0.0,1.0735978183199381e6
PJM_EMAC,PJM_EMAC_biomass_1,10,1,0.0,0.0,1.849476741579977e7,1.849476741579977e7
PJM_EMAC,PJM_EMAC_small_hydroelectric_1,10,1,0.0,0.0,293185.42506695836,293185.42506695836
PJM_Rest,PJM_Rest_biomass_1,11,1,0.0,0.0,1.5992253783507278e7,1.5992253783507278e7
PJM_Rest,PJM_Rest_biomass_2,11,2,0.0,0.0,9.235466976317542e6,9.235466976317542e6
PJM_Rest,PJM_Rest_small_hydroelectric_1,11,1,0.0,0.0,6.327922525048956e6,6.327922525048956e6
NENG_Rest,NENG_Rest_distributed_generation_1,1,1,0.0,0.0,0.0,0.0
NY_Z_A,NY_Z_A_distributed_generation_1,2,1,0.0,0.0,0.0,0.0
NY_Z_B,NY_Z_B_distributed_generation_1,3,1,0.0,0.0,0.0,0.0
NY_Z_C&E,NY_Z_C&E_distributed_generation_1,4,1,0.0,0.0,0.0,0.0
NY_Z_D,NY_Z_D_distributed_generation_1,5,1,0.0,0.0,0.0,0.0
NY_Z_F,NY_Z_F_distributed_generation_1,6,1,0.0,0.0,0.0,0.0
NY_Z_G-I,NY_Z_G-I_distributed_generation_1,7,1,0.0,0.0,0.0,0.0
NY_Z_J,NY_Z_J_distributed_generation_1,8,1,0.0,0.0,0.0,0.0
NY_Z_K,NY_Z_K_distributed_generation_1,9,1,0.0,0.0,0.0,0.0
PJM_EMAC,PJM_EMAC_distributed_generation_1,10,1,0.0,0.0,0.0,0.0
PJM_Rest,PJM_Rest_distributed_generation_1,11,1,0.0,0.0,0.0,0.0
